,no-aspect,no-sentiment,yes-aspect,yes-sentiment,Total,fileId,iId
1_0,1,0,1,2,4,1,0
1_9,0,1,2,1,4,1,9
1_12,1,0,1,2,4,1,12
1_14,1,0,1,2,4,1,14
1_15,1,0,1,2,4,1,15
5_2,1,1,1,1,4,5,2
5_3,1,1,1,1,4,5,3
5_4,1,1,1,1,4,5,4
5_7,1,0,1,2,4,5,7
5_8,1,0,1,2,4,5,8
5_11,1,0,1,2,4,5,11
5_12,2,1,0,1,4,5,12
5_14,1,0,1,2,4,5,14
7_0,1,2,1,0,4,7,0
7_1,1,2,1,0,4,7,1
7_2,1,2,1,0,4,7,2
7_3,1,1,1,1,4,7,3
7_7,0,1,2,1,4,7,7
7_17,2,1,0,1,4,7,17
11_3,1,0,1,2,4,11,3
11_4,1,0,1,2,4,11,4
11_10,1,1,1,1,4,11,10
11_11,0,1,2,1,4,11,11
11_12,1,2,1,0,4,11,12
11_13,1,2,1,0,4,11,13
12_0,1,1,1,1,4,12,0
12_2,1,0,1,2,4,12,2
12_4,1,1,1,1,4,12,4
12_8,0,1,2,1,4,12,8
13_3,2,1,0,1,4,13,3
13_5,2,1,0,1,4,13,5
13_6,1,1,1,1,4,13,6
13_9,1,2,1,0,4,13,9
13_10,0,1,2,1,4,13,10
13_11,1,1,1,1,4,13,11
15_0,0,1,2,1,4,15,0
15_4,1,0,1,2,4,15,4
15_6,1,0,1,2,4,15,6
15_7,1,0,1,2,4,15,7
15_8,1,0,1,2,4,15,8
15_9,1,0,1,2,4,15,9
15_10,1,0,1,2,4,15,10
15_11,1,0,1,2,4,15,11
15_12,1,0,1,2,4,15,12
15_17,1,0,1,2,4,15,17
16_0,1,2,1,0,4,16,0
16_5,1,0,1,2,4,16,5
16_7,1,0,1,2,4,16,7
16_10,1,0,1,2,4,16,10
16_11,1,0,1,2,4,16,11
16_13,1,0,1,2,4,16,13
16_14,1,0,1,2,4,16,14
16_16,1,0,1,2,4,16,16
16_17,1,0,1,2,4,16,17
16_18,1,0,1,2,4,16,18
16_19,1,0,1,2,4,16,19
17_3,2,1,0,1,4,17,3
17_4,2,1,0,1,4,17,4
17_5,2,1,0,1,4,17,5
17_11,2,1,0,1,4,17,11
17_12,1,2,1,0,4,17,12
17_13,2,1,0,1,4,17,13
17_16,1,0,1,2,4,17,16
18_8,0,1,2,1,4,18,8
18_12,1,0,1,2,4,18,12
18_14,1,0,1,2,4,18,14
19_1,1,0,1,2,4,19,1
19_11,1,0,1,2,4,19,11
19_16,1,0,1,2,4,19,16
20_0,1,0,1,2,4,20,0
20_2,1,0,1,2,4,20,2
20_3,2,1,0,1,4,20,3
20_4,2,1,0,1,4,20,4
20_5,1,0,1,2,4,20,5
20_6,2,1,0,1,4,20,6
20_7,1,1,1,1,4,20,7
20_8,1,0,1,2,4,20,8
20_9,1,1,1,1,4,20,9
20_12,1,0,1,2,4,20,12
20_13,0,1,2,1,4,20,13
20_14,1,0,1,2,4,20,14
20_15,1,0,1,2,4,20,15
20_20,2,1,0,1,4,20,20
20_22,1,0,1,2,4,20,22
20_23,1,0,1,2,4,20,23
20_24,1,0,1,2,4,20,24
20_25,2,1,0,1,4,20,25
20_26,1,0,1,2,4,20,26
20_27,1,1,1,1,4,20,27
20_28,1,0,1,2,4,20,28
20_29,2,1,0,1,4,20,29
22_2,2,1,0,1,4,22,2
22_7,1,1,1,1,4,22,7
22_12,1,0,1,2,4,22,12
22_13,1,1,1,1,4,22,13
22_19,1,0,1,2,4,22,19
24_1,0,1,2,1,4,24,1
24_2,1,2,1,0,4,24,2
24_14,0,1,2,1,4,24,14
24_16,1,0,1,2,4,24,16
25_1,0,1,2,1,4,25,1
25_3,1,1,1,1,4,25,3
25_4,2,1,0,1,4,25,4
25_6,1,1,1,1,4,25,6
25_7,0,1,2,1,4,25,7
25_10,1,0,1,2,4,25,10
25_12,1,0,1,2,4,25,12
27_12,0,1,2,1,4,27,12
27_22,2,1,0,1,4,27,22
27_23,1,2,1,0,4,27,23
27_25,1,2,1,0,4,27,25
28_1,0,1,2,1,4,28,1
28_4,1,0,1,2,4,28,4
30_2,1,0,1,2,4,30,2
30_7,1,0,1,2,4,30,7
30_8,1,0,1,2,4,30,8
30_10,2,1,0,1,4,30,10
30_11,1,1,1,1,4,30,11
30_12,1,1,1,1,4,30,12
30_13,1,0,1,2,4,30,13
30_16,1,0,1,2,4,30,16
30_18,1,2,1,0,4,30,18
30_19,2,1,0,1,4,30,19
30_22,2,1,0,1,4,30,22
30_23,1,1,1,1,4,30,23
30_24,1,1,1,1,4,30,24
30_26,1,1,1,1,4,30,26
32_8,1,0,1,2,4,32,8
32_13,1,0,1,2,4,32,13
32_15,1,0,1,2,4,32,15
36_1,1,2,1,0,4,36,1
36_7,0,1,2,1,4,36,7
36_8,1,1,1,1,4,36,8
37_0,1,0,1,2,4,37,0
37_7,0,1,2,1,4,37,7
39_0,0,1,2,1,4,39,0
39_2,0,1,2,1,4,39,2
39_3,2,1,0,1,4,39,3
39_5,2,1,0,1,4,39,5
39_7,2,1,0,1,4,39,7
39_8,1,0,1,2,4,39,8
39_10,0,1,2,1,4,39,10
39_11,2,1,0,1,4,39,11
39_13,2,1,0,1,4,39,13
39_14,1,0,1,2,4,39,14
39_17,0,1,2,1,4,39,17
39_19,1,2,1,0,4,39,19
40_1,1,1,1,1,4,40,1
40_3,1,1,1,1,4,40,3
40_4,1,1,1,1,4,40,4
40_5,2,1,0,1,4,40,5
40_6,0,1,2,1,4,40,6
40_7,1,1,1,1,4,40,7
40_8,2,1,0,1,4,40,8
40_9,1,1,1,1,4,40,9
40_10,1,1,1,1,4,40,10
40_14,1,1,1,1,4,40,14
40_15,1,2,1,0,4,40,15
40_19,1,2,1,0,4,40,19
40_20,1,2,1,0,4,40,20
41_0,1,2,1,0,4,41,0
41_2,1,2,1,0,4,41,2
41_3,1,2,1,0,4,41,3
41_7,2,1,0,1,4,41,7
41_9,1,2,1,0,4,41,9
41_11,1,1,1,1,4,41,11
41_16,2,1,0,1,4,41,16
41_17,1,1,1,1,4,41,17
41_19,1,1,1,1,4,41,19
42_8,0,1,2,1,4,42,8
42_9,0,1,2,1,4,42,9
43_2,0,1,2,1,4,43,2
43_5,1,2,1,0,4,43,5
43_7,1,2,1,0,4,43,7
43_8,0,1,2,1,4,43,8
43_14,1,2,1,0,4,43,14
43_15,1,0,1,2,4,43,15
43_19,1,0,1,2,4,43,19
44_1,1,0,1,2,4,44,1
44_3,0,1,2,1,4,44,3
44_5,2,1,0,1,4,44,5
44_6,1,0,1,2,4,44,6
44_9,1,2,1,0,4,44,9
44_10,1,0,1,2,4,44,10
44_12,1,1,1,1,4,44,12
44_14,1,1,1,1,4,44,14
44_16,2,1,0,1,4,44,16
44_18,1,0,1,2,4,44,18
44_26,0,1,2,1,4,44,26
46_2,0,1,2,1,4,46,2
46_8,2,1,0,1,4,46,8
46_10,1,2,1,0,4,46,10
46_11,2,1,0,1,4,46,11
46_14,1,0,1,2,4,46,14
46_18,1,0,1,2,4,46,18
46_21,1,1,1,1,4,46,21
46_25,1,1,1,1,4,46,25
46_27,2,1,0,1,4,46,27
46_29,1,2,1,0,4,46,29
47_4,1,1,1,1,4,47,4
47_16,1,1,1,1,4,47,16
47_17,1,0,1,2,4,47,17
51_5,2,1,0,1,4,51,5
51_6,2,1,0,1,4,51,6
51_9,1,0,1,2,4,51,9
51_10,1,0,1,2,4,51,10
51_11,0,1,2,1,4,51,11
51_12,1,1,1,1,4,51,12
51_14,2,1,0,1,4,51,14
51_15,2,1,0,1,4,51,15
51_16,2,1,0,1,4,51,16
51_17,2,1,0,1,4,51,17
51_18,2,1,0,1,4,51,18
51_22,2,1,0,1,4,51,22
51_25,1,1,1,1,4,51,25
51_27,1,1,1,1,4,51,27
51_28,2,1,0,1,4,51,28
51_29,2,1,0,1,4,51,29
51_30,2,1,0,1,4,51,30
51_31,1,1,1,1,4,51,31
51_34,2,1,0,1,4,51,34
51_36,2,1,0,1,4,51,36
51_37,1,1,1,1,4,51,37
51_38,2,1,0,1,4,51,38
52_11,2,1,0,1,4,52,11
52_12,1,1,1,1,4,52,12
52_18,2,1,0,1,4,52,18
52_19,2,1,0,1,4,52,19
52_20,1,0,1,2,4,52,20
52_23,1,1,1,1,4,52,23
52_24,1,2,1,0,4,52,24
52_25,1,2,1,0,4,52,25
52_26,2,1,0,1,4,52,26
53_1,0,1,2,1,4,53,1
53_3,0,1,2,1,4,53,3
53_4,0,1,2,1,4,53,4
53_7,1,1,1,1,4,53,7
55_0,2,1,0,1,4,55,0
55_1,1,0,1,2,4,55,1
55_2,1,0,1,2,4,55,2
55_3,1,0,1,2,4,55,3
55_9,1,0,1,2,4,55,9
55_11,1,1,1,1,4,55,11
55_14,1,0,1,2,4,55,14
55_17,0,1,2,1,4,55,17
55_18,1,0,1,2,4,55,18
55_19,1,0,1,2,4,55,19
56_5,2,1,0,1,4,56,5
56_6,1,0,1,2,4,56,6
56_11,1,0,1,2,4,56,11
56_12,0,1,2,1,4,56,12
56_13,1,1,1,1,4,56,13
56_19,1,0,1,2,4,56,19
57_3,1,1,1,1,4,57,3
57_6,1,0,1,2,4,57,6
57_9,1,0,1,2,4,57,9
57_13,0,1,2,1,4,57,13
57_14,0,1,2,1,4,57,14
59_3,1,1,1,1,4,59,3
59_7,2,1,0,1,4,59,7
59_9,1,1,1,1,4,59,9
59_13,1,1,1,1,4,59,13
59_16,0,1,2,1,4,59,16
59_23,1,2,1,0,4,59,23
59_24,0,1,2,1,4,59,24
59_28,1,1,1,1,4,59,28
60_12,2,1,0,1,4,60,12
60_13,2,1,0,1,4,60,13
60_16,0,1,2,1,4,60,16
60_17,2,1,0,1,4,60,17
60_19,2,1,0,1,4,60,19
61_0,2,1,0,1,4,61,0
61_3,0,1,2,1,4,61,3
61_5,0,1,2,1,4,61,5
61_7,1,1,1,1,4,61,7
61_8,2,1,0,1,4,61,8
61_13,2,1,0,1,4,61,13
61_16,2,1,0,1,4,61,16
61_18,1,2,1,0,4,61,18
61_19,2,1,0,1,4,61,19
62_3,1,1,1,1,4,62,3
63_0,2,1,0,1,4,63,0
63_1,2,1,0,1,4,63,1
63_3,2,1,0,1,4,63,3
63_4,2,1,0,1,4,63,4
63_5,2,1,0,1,4,63,5
63_6,2,1,0,1,4,63,6
63_7,2,1,0,1,4,63,7
63_8,2,1,0,1,4,63,8
63_11,2,1,0,1,4,63,11
63_12,2,1,0,1,4,63,12
63_13,1,1,1,1,4,63,13
63_14,1,1,1,1,4,63,14
63_17,2,1,0,1,4,63,17
63_19,1,1,1,1,4,63,19
64_4,1,1,1,1,4,64,4
64_6,1,1,1,1,4,64,6
64_19,2,1,0,1,4,64,19
64_23,2,1,0,1,4,64,23
64_24,2,1,0,1,4,64,24
64_26,1,1,1,1,4,64,26
64_27,1,2,1,0,4,64,27
64_28,0,1,2,1,4,64,28
64_29,1,1,1,1,4,64,29
65_0,1,0,1,2,4,65,0
65_1,1,0,1,2,4,65,1
65_3,1,0,1,2,4,65,3
65_5,0,1,2,1,4,65,5
65_7,1,1,1,1,4,65,7
65_8,1,1,1,1,4,65,8
65_9,1,1,1,1,4,65,9
65_10,1,1,1,1,4,65,10
65_11,1,2,1,0,4,65,11
65_12,2,1,0,1,4,65,12
65_13,1,1,1,1,4,65,13
65_14,1,0,1,2,4,65,14
65_15,2,1,0,1,4,65,15
65_16,2,1,0,1,4,65,16
65_18,2,1,0,1,4,65,18
69_0,1,0,1,2,4,69,0
69_3,2,1,0,1,4,69,3
69_4,1,1,1,1,4,69,4
69_5,1,1,1,1,4,69,5
69_6,0,1,2,1,4,69,6
69_13,2,1,0,1,4,69,13
69_14,1,1,1,1,4,69,14
69_16,1,1,1,1,4,69,16
69_18,1,2,1,0,4,69,18
69_20,1,1,1,1,4,69,20
69_21,1,1,1,1,4,69,21
69_25,1,1,1,1,4,69,25
69_29,0,1,2,1,4,69,29
70_1,1,1,1,1,4,70,1
70_4,0,1,2,1,4,70,4
70_8,0,1,2,1,4,70,8
70_9,2,1,0,1,4,70,9
70_10,1,1,1,1,4,70,10
70_11,1,0,1,2,4,70,11
70_13,1,0,1,2,4,70,13
70_17,1,0,1,2,4,70,17
70_19,1,0,1,2,4,70,19
71_1,1,0,1,2,4,71,1
71_3,1,0,1,2,4,71,3
71_4,1,1,1,1,4,71,4
71_6,1,0,1,2,4,71,6
71_8,1,2,1,0,4,71,8
71_10,1,0,1,2,4,71,10
71_13,1,0,1,2,4,71,13
71_14,1,0,1,2,4,71,14
71_20,1,2,1,0,4,71,20
71_23,1,2,1,0,4,71,23
71_24,1,0,1,2,4,71,24
71_25,1,0,1,2,4,71,25
71_28,1,0,1,2,4,71,28
71_29,1,1,1,1,4,71,29
72_0,1,0,1,2,4,72,0
72_1,0,1,2,1,4,72,1
72_9,1,2,1,0,4,72,9
72_18,1,1,1,1,4,72,18
73_4,1,0,1,2,4,73,4
73_5,1,2,1,0,4,73,5
73_8,2,1,0,1,4,73,8
73_9,2,1,0,1,4,73,9
73_11,1,0,1,2,4,73,11
73_12,2,1,0,1,4,73,12
73_14,1,2,1,0,4,73,14
73_15,1,0,1,2,4,73,15
73_16,1,2,1,0,4,73,16
73_17,1,0,1,2,4,73,17
73_18,2,1,0,1,4,73,18
73_23,2,1,0,1,4,73,23
73_24,1,1,1,1,4,73,24
73_26,1,2,1,0,4,73,26
76_3,0,1,2,1,4,76,3
76_7,1,1,1,1,4,76,7
76_14,1,0,1,2,4,76,14
76_15,1,2,1,0,4,76,15
76_16,1,1,1,1,4,76,16
76_18,1,2,1,0,4,76,18
76_20,1,1,1,1,4,76,20
76_23,1,1,1,1,4,76,23
76_24,2,1,0,1,4,76,24
76_27,2,1,0,1,4,76,27
76_28,1,1,1,1,4,76,28
76_30,1,2,1,0,4,76,30
76_31,1,2,1,0,4,76,31
76_32,1,2,1,0,4,76,32
76_35,2,1,0,1,4,76,35
76_36,1,1,1,1,4,76,36
77_0,1,1,1,1,4,77,0
77_1,1,1,1,1,4,77,1
77_2,1,1,1,1,4,77,2
77_3,1,1,1,1,4,77,3
77_4,1,1,1,1,4,77,4
77_5,1,1,1,1,4,77,5
77_6,1,1,1,1,4,77,6
77_7,1,1,1,1,4,77,7
77_8,1,1,1,1,4,77,8
77_9,1,1,1,1,4,77,9
78_0,1,1,1,1,4,78,0
78_6,2,1,0,1,4,78,6
78_11,2,1,0,1,4,78,11
78_20,2,1,0,1,4,78,20
78_21,1,0,1,2,4,78,21
79_5,1,1,1,1,4,79,5
79_14,1,1,1,1,4,79,14
79_19,2,1,0,1,4,79,19
80_0,2,1,0,1,4,80,0
80_1,2,1,0,1,4,80,1
80_2,1,0,1,2,4,80,2
80_5,2,1,0,1,4,80,5
80_6,1,1,1,1,4,80,6
80_9,1,2,1,0,4,80,9
80_14,1,1,1,1,4,80,14
80_15,2,1,0,1,4,80,15
80_21,1,0,1,2,4,80,21
80_22,1,0,1,2,4,80,22
80_23,2,1,0,1,4,80,23
80_24,2,1,0,1,4,80,24
85_0,2,1,0,1,4,85,0
85_3,1,1,1,1,4,85,3
85_5,2,1,0,1,4,85,5
85_7,2,1,0,1,4,85,7
85_11,1,0,1,2,4,85,11
85_13,1,0,1,2,4,85,13
85_14,1,0,1,2,4,85,14
85_15,1,0,1,2,4,85,15
85_16,1,0,1,2,4,85,16
85_19,1,0,1,2,4,85,19
86_0,1,2,1,0,4,86,0
86_2,1,2,1,0,4,86,2
86_3,1,0,1,2,4,86,3
86_4,2,1,0,1,4,86,4
86_6,1,0,1,2,4,86,6
86_9,1,0,1,2,4,86,9
86_10,1,0,1,2,4,86,10
88_0,1,0,1,2,4,88,0
88_3,1,0,1,2,4,88,3
88_6,1,0,1,2,4,88,6
88_8,1,0,1,2,4,88,8
88_9,1,0,1,2,4,88,9
88_17,1,2,1,0,4,88,17
88_19,1,0,1,2,4,88,19
88_21,1,0,1,2,4,88,21
88_23,1,2,1,0,4,88,23
88_24,0,1,2,1,4,88,24
88_25,1,0,1,2,4,88,25
89_0,1,1,1,1,4,89,0
89_1,1,0,1,2,4,89,1
89_6,0,1,2,1,4,89,6
89_7,1,1,1,1,4,89,7
89_11,1,0,1,2,4,89,11
89_16,1,0,1,2,4,89,16
91_1,0,1,2,1,4,91,1
91_4,2,1,0,1,4,91,4
91_6,1,0,1,2,4,91,6
91_12,1,2,1,0,4,91,12
91_13,1,0,1,2,4,91,13
92_0,0,1,2,1,4,92,0
92_2,1,0,1,2,4,92,2
92_4,1,0,1,2,4,92,4
92_5,1,0,1,2,4,92,5
92_6,1,1,1,1,4,92,6
92_14,1,0,1,2,4,92,14
92_15,0,1,2,1,4,92,15
93_1,0,1,2,1,4,93,1
93_2,1,1,1,1,4,93,2
93_3,2,1,0,1,4,93,3
93_4,0,1,2,1,4,93,4
93_5,0,1,2,1,4,93,5
93_7,2,1,0,1,4,93,7
93_8,1,1,1,1,4,93,8
93_9,0,1,2,1,4,93,9
93_11,1,0,1,2,4,93,11
93_13,0,1,2,1,4,93,13
93_17,1,0,1,2,4,93,17
93_19,1,0,1,2,4,93,19
95_1,1,1,1,1,4,95,1
95_4,1,0,1,2,4,95,4
95_5,1,0,1,2,4,95,5
95_6,1,0,1,2,4,95,6
95_8,1,0,1,2,4,95,8
95_11,1,2,1,0,4,95,11
95_12,1,1,1,1,4,95,12
95_13,1,0,1,2,4,95,13
95_18,1,0,1,2,4,95,18
95_19,1,0,1,2,4,95,19
96_2,2,1,0,1,4,96,2
96_10,1,1,1,1,4,96,10
96_11,1,0,1,2,4,96,11
97_2,0,1,2,1,4,97,2
97_6,0,1,2,1,4,97,6
97_7,0,1,2,1,4,97,7
97_16,0,1,2,1,4,97,16
98_1,1,1,1,1,4,98,1
98_5,1,0,1,2,4,98,5
98_13,1,0,1,2,4,98,13
98_14,1,0,1,2,4,98,14
98_15,1,1,1,1,4,98,15
98_16,2,1,0,1,4,98,16
100_0,1,0,1,2,4,100,0
100_1,1,2,1,0,4,100,1
100_2,1,2,1,0,4,100,2
100_5,0,1,2,1,4,100,5
100_6,1,1,1,1,4,100,6
100_9,1,0,1,2,4,100,9
100_19,1,0,1,2,4,100,19
101_0,1,0,1,2,4,101,0
101_1,1,0,1,2,4,101,1
101_2,1,2,1,0,4,101,2
101_3,1,0,1,2,4,101,3
101_5,1,0,1,2,4,101,5
101_6,1,0,1,2,4,101,6
101_7,1,0,1,2,4,101,7
101_9,1,1,1,1,4,101,9
101_10,1,0,1,2,4,101,10
101_12,1,0,1,2,4,101,12
101_13,1,0,1,2,4,101,13
101_14,1,0,1,2,4,101,14
101_15,1,0,1,2,4,101,15
101_16,1,0,1,2,4,101,16
101_17,1,0,1,2,4,101,17
101_18,1,0,1,2,4,101,18
101_19,1,0,1,2,4,101,19
102_0,1,0,1,2,4,102,0
102_1,0,1,2,1,4,102,1
102_4,0,1,2,1,4,102,4
102_7,0,1,2,1,4,102,7
102_10,1,1,1,1,4,102,10
102_14,1,0,1,2,4,102,14
103_0,1,1,1,1,4,103,0
103_2,1,2,1,0,4,103,2
103_8,1,0,1,2,4,103,8
103_13,1,0,1,2,4,103,13
103_14,1,0,1,2,4,103,14
103_15,1,0,1,2,4,103,15
103_16,1,0,1,2,4,103,16
103_18,1,0,1,2,4,103,18
103_19,1,0,1,2,4,103,19
104_3,1,0,1,2,4,104,3
104_5,0,1,2,1,4,104,5
104_8,1,2,1,0,4,104,8
104_10,1,1,1,1,4,104,10
104_11,0,1,2,1,4,104,11
105_0,1,0,1,2,4,105,0
105_3,1,2,1,0,4,105,3
105_5,1,2,1,0,4,105,5
105_7,1,2,1,0,4,105,7
105_9,1,0,1,2,4,105,9
105_11,1,0,1,2,4,105,11
105_15,1,0,1,2,4,105,15
105_16,1,0,1,2,4,105,16
105_17,1,0,1,2,4,105,17
106_2,1,0,1,2,4,106,2
106_6,1,0,1,2,4,106,6
106_7,1,2,1,0,4,106,7
106_8,1,0,1,2,4,106,8
106_9,2,1,0,1,4,106,9
107_1,1,2,1,0,4,107,1
107_2,0,1,2,1,4,107,2
107_7,1,1,1,1,4,107,7
107_8,1,0,1,2,4,107,8
107_11,0,1,2,1,4,107,11
107_12,1,2,1,0,4,107,12
107_15,1,1,1,1,4,107,15
107_17,1,0,1,2,4,107,17
107_20,1,1,1,1,4,107,20
107_21,1,1,1,1,4,107,21
107_22,1,1,1,1,4,107,22
107_25,2,1,0,1,4,107,25
107_26,1,0,1,2,4,107,26
109_0,1,0,1,2,4,109,0
109_4,0,1,2,1,4,109,4
109_6,1,2,1,0,4,109,6
109_9,1,0,1,2,4,109,9
109_10,1,2,1,0,4,109,10
109_15,1,1,1,1,4,109,15
109_19,1,0,1,2,4,109,19
110_0,1,2,1,0,4,110,0
110_1,1,0,1,2,4,110,1
110_2,1,0,1,2,4,110,2
110_6,1,2,1,0,4,110,6
110_9,1,2,1,0,4,110,9
110_13,1,0,1,2,4,110,13
110_14,0,1,2,1,4,110,14
110_16,0,1,2,1,4,110,16
110_21,1,0,1,2,4,110,21
111_10,1,0,1,2,4,111,10
112_0,1,0,1,2,4,112,0
112_1,1,0,1,2,4,112,1
113_0,1,1,1,1,4,113,0
113_5,0,1,2,1,4,113,5
113_10,1,2,1,0,4,113,10
113_12,1,0,1,2,4,113,12
114_0,1,0,1,2,4,114,0
114_5,0,1,2,1,4,114,5
114_7,0,1,2,1,4,114,7
114_9,1,2,1,0,4,114,9
114_10,0,1,2,1,4,114,10
114_14,0,1,2,1,4,114,14
115_5,1,2,1,0,4,115,5
115_9,1,1,1,1,4,115,9
115_12,1,0,1,2,4,115,12
115_14,1,0,1,2,4,115,14
115_17,1,0,1,2,4,115,17
115_19,1,0,1,2,4,115,19
116_0,1,1,1,1,4,116,0
116_1,1,1,1,1,4,116,1
116_2,1,0,1,2,4,116,2
116_3,0,1,2,1,4,116,3
116_4,1,1,1,1,4,116,4
116_5,0,1,2,1,4,116,5
116_6,1,1,1,1,4,116,6
116_7,0,1,2,1,4,116,7
116_8,0,1,2,1,4,116,8
116_9,0,1,2,1,4,116,9
116_14,1,0,1,2,4,116,14
116_18,1,0,1,2,4,116,18
116_19,1,0,1,2,4,116,19
117_1,0,1,2,1,4,117,1
117_4,1,0,1,2,4,117,4
117_5,1,0,1,2,4,117,5
117_10,1,0,1,2,4,117,10
117_14,0,1,2,1,4,117,14
117_15,0,1,2,1,4,117,15
117_22,1,0,1,2,4,117,22
117_25,1,0,1,2,4,117,25
119_0,1,0,1,2,4,119,0
119_5,1,0,1,2,4,119,5
119_8,1,0,1,2,4,119,8
119_9,1,0,1,2,4,119,9
119_11,1,0,1,2,4,119,11
119_15,1,0,1,2,4,119,15
119_16,1,0,1,2,4,119,16
120_3,0,1,2,1,4,120,3
120_4,0,1,2,1,4,120,4
120_5,1,1,1,1,4,120,5
120_6,0,1,2,1,4,120,6
120_7,0,1,2,1,4,120,7
120_8,0,1,2,1,4,120,8
121_0,1,0,1,2,4,121,0
121_3,1,0,1,2,4,121,3
121_5,1,0,1,2,4,121,5
121_6,1,1,1,1,4,121,6
121_7,1,0,1,2,4,121,7
121_8,1,0,1,2,4,121,8
121_10,1,1,1,1,4,121,10
121_11,0,1,2,1,4,121,11
121_12,2,1,0,1,4,121,12
121_13,1,1,1,1,4,121,13
121_14,1,1,1,1,4,121,14
121_15,0,1,2,1,4,121,15
121_16,1,1,1,1,4,121,16
121_17,1,1,1,1,4,121,17
121_18,1,1,1,1,4,121,18
121_19,0,1,2,1,4,121,19
122_2,1,0,1,2,4,122,2
122_4,1,0,1,2,4,122,4
122_8,1,0,1,2,4,122,8
122_9,1,0,1,2,4,122,9
122_13,1,0,1,2,4,122,13
122_14,1,1,1,1,4,122,14
122_19,1,2,1,0,4,122,19
123_3,1,0,1,2,4,123,3
123_6,1,0,1,2,4,123,6
123_11,1,2,1,0,4,123,11
123_13,1,0,1,2,4,123,13
123_18,1,1,1,1,4,123,18
123_19,1,0,1,2,4,123,19
124_2,1,0,1,2,4,124,2
124_3,1,0,1,2,4,124,3
124_7,1,0,1,2,4,124,7
124_8,1,0,1,2,4,124,8
124_9,1,0,1,2,4,124,9
124_10,1,0,1,2,4,124,10
124_12,1,0,1,2,4,124,12
124_13,0,1,2,1,4,124,13
124_14,1,0,1,2,4,124,14
124_15,1,0,1,2,4,124,15
124_16,1,2,1,0,4,124,16
124_18,1,0,1,2,4,124,18
125_0,1,0,1,2,4,125,0
125_6,1,0,1,2,4,125,6
125_10,1,0,1,2,4,125,10
125_11,1,2,1,0,4,125,11
125_12,1,0,1,2,4,125,12
125_13,1,0,1,2,4,125,13
125_19,0,1,2,1,4,125,19
127_10,0,1,2,1,4,127,10
127_11,0,1,2,1,4,127,11
127_12,1,2,1,0,4,127,12
127_13,2,1,0,1,4,127,13
127_14,0,1,2,1,4,127,14
127_15,0,1,2,1,4,127,15
127_16,0,1,2,1,4,127,16
127_17,1,1,1,1,4,127,17
127_18,0,1,2,1,4,127,18
127_19,0,1,2,1,4,127,19
128_10,2,1,0,1,4,128,10
128_11,0,1,2,1,4,128,11
128_12,0,1,2,1,4,128,12
128_13,0,1,2,1,4,128,13
128_14,0,1,2,1,4,128,14
128_15,0,1,2,1,4,128,15
128_16,0,1,2,1,4,128,16
128_17,0,1,2,1,4,128,17
128_19,0,1,2,1,4,128,19
129_0,1,0,1,2,4,129,0
129_6,1,0,1,2,4,129,6
129_7,1,0,1,2,4,129,7
129_9,1,0,1,2,4,129,9
129_10,0,1,2,1,4,129,10
129_11,0,1,2,1,4,129,11
129_20,1,1,1,1,4,129,20
129_21,1,1,1,1,4,129,21
129_22,1,1,1,1,4,129,22
129_23,1,1,1,1,4,129,23
129_24,0,1,2,1,4,129,24
129_25,1,1,1,1,4,129,25
129_26,1,1,1,1,4,129,26
129_27,1,1,1,1,4,129,27
129_29,0,1,2,1,4,129,29
130_1,2,1,0,1,4,130,1
130_6,0,1,2,1,4,130,6
130_9,1,2,1,0,4,130,9
131_10,0,1,2,1,4,131,10
131_11,0,1,2,1,4,131,11
131_12,0,1,2,1,4,131,12
131_13,0,1,2,1,4,131,13
131_14,0,1,2,1,4,131,14
131_16,0,1,2,1,4,131,16
131_18,1,1,1,1,4,131,18
131_19,0,1,2,1,4,131,19
132_12,1,2,1,0,4,132,12
132_13,1,2,1,0,4,132,13
132_14,1,0,1,2,4,132,14
132_15,1,0,1,2,4,132,15
133_0,1,0,1,2,4,133,0
133_1,1,0,1,2,4,133,1
133_2,1,0,1,2,4,133,2
133_3,1,0,1,2,4,133,3
133_4,1,0,1,2,4,133,4
133_5,1,0,1,2,4,133,5
133_6,1,0,1,2,4,133,6
133_7,1,0,1,2,4,133,7
133_8,1,0,1,2,4,133,8
133_9,1,0,1,2,4,133,9
133_11,2,1,0,1,4,133,11
133_12,1,0,1,2,4,133,12
133_13,0,1,2,1,4,133,13
133_14,0,1,2,1,4,133,14
133_15,0,1,2,1,4,133,15
133_17,1,1,1,1,4,133,17
133_18,0,1,2,1,4,133,18
133_19,1,1,1,1,4,133,19
134_5,1,0,1,2,4,134,5
134_10,0,1,2,1,4,134,10
134_12,0,1,2,1,4,134,12
134_13,0,1,2,1,4,134,13
134_14,0,1,2,1,4,134,14
134_15,1,1,1,1,4,134,15
134_16,0,1,2,1,4,134,16
135_0,1,0,1,2,4,135,0
135_3,0,1,2,1,4,135,3
135_4,1,0,1,2,4,135,4
135_5,1,0,1,2,4,135,5
135_8,1,1,1,1,4,135,8
135_9,0,1,2,1,4,135,9
135_10,1,1,1,1,4,135,10
135_11,1,1,1,1,4,135,11
135_12,1,1,1,1,4,135,12
135_13,1,1,1,1,4,135,13
135_16,1,1,1,1,4,135,16
135_18,0,1,2,1,4,135,18
135_19,0,1,2,1,4,135,19
137_0,0,1,2,1,4,137,0
137_1,0,1,2,1,4,137,1
137_2,0,1,2,1,4,137,2
137_4,0,1,2,1,4,137,4
137_5,0,1,2,1,4,137,5
137_6,0,1,2,1,4,137,6
137_7,0,1,2,1,4,137,7
137_8,0,1,2,1,4,137,8
137_9,0,1,2,1,4,137,9
137_13,0,1,2,1,4,137,13
139_2,0,1,2,1,4,139,2
139_4,1,0,1,2,4,139,4
139_7,1,0,1,2,4,139,7
139_10,2,1,0,1,4,139,10
139_11,0,1,2,1,4,139,11
139_13,1,1,1,1,4,139,13
139_15,0,1,2,1,4,139,15
139_17,0,1,2,1,4,139,17
139_18,0,1,2,1,4,139,18
139_19,1,1,1,1,4,139,19
140_9,0,1,2,1,4,140,9
140_10,0,1,2,1,4,140,10
140_11,0,1,2,1,4,140,11
140_12,0,1,2,1,4,140,12
140_13,0,1,2,1,4,140,13
140_14,0,1,2,1,4,140,14
140_15,0,1,2,1,4,140,15
140_16,0,1,2,1,4,140,16
140_17,0,1,2,1,4,140,17
140_18,0,1,2,1,4,140,18
140_19,0,1,2,1,4,140,19
141_9,0,1,2,1,4,141,9
141_14,1,0,1,2,4,141,14
141_15,1,0,1,2,4,141,15
141_16,1,0,1,2,4,141,16
141_19,1,1,1,1,4,141,19
141_20,0,1,2,1,4,141,20
141_21,0,1,2,1,4,141,21
141_22,0,1,2,1,4,141,22
141_23,0,1,2,1,4,141,23
141_24,0,1,2,1,4,141,24
141_25,2,1,0,1,4,141,25
141_26,0,1,2,1,4,141,26
141_27,2,1,0,1,4,141,27
141_28,2,1,0,1,4,141,28
141_29,0,1,2,1,4,141,29
142_10,0,1,2,1,4,142,10
142_11,0,1,2,1,4,142,11
142_12,0,1,2,1,4,142,12
142_13,0,1,2,1,4,142,13
142_15,0,1,2,1,4,142,15
142_17,0,1,2,1,4,142,17
142_18,0,1,2,1,4,142,18
142_19,0,1,2,1,4,142,19
143_0,0,1,2,1,4,143,0
143_1,0,1,2,1,4,143,1
143_2,0,1,2,1,4,143,2
143_3,0,1,2,1,4,143,3
143_4,0,1,2,1,4,143,4
143_5,0,1,2,1,4,143,5
143_6,0,1,2,1,4,143,6
143_9,0,1,2,1,4,143,9
144_0,0,1,2,1,4,144,0
144_2,0,1,2,1,4,144,2
144_3,0,1,2,1,4,144,3
144_4,0,1,2,1,4,144,4
144_5,0,1,2,1,4,144,5
144_7,0,1,2,1,4,144,7
144_8,1,1,1,1,4,144,8
144_9,1,1,1,1,4,144,9
145_0,1,0,1,2,4,145,0
145_1,1,0,1,2,4,145,1
145_10,0,1,2,1,4,145,10
145_11,0,1,2,1,4,145,11
145_12,0,1,2,1,4,145,12
145_13,1,0,1,2,4,145,13
145_14,0,1,2,1,4,145,14
145_15,0,1,2,1,4,145,15
145_17,0,1,2,1,4,145,17
145_18,0,1,2,1,4,145,18
146_1,2,1,0,1,4,146,1
146_2,2,1,0,1,4,146,2
146_3,1,1,1,1,4,146,3
146_5,1,1,1,1,4,146,5
146_6,1,1,1,1,4,146,6
146_7,1,1,1,1,4,146,7
146_8,2,1,0,1,4,146,8
146_9,2,1,0,1,4,146,9
147_0,1,0,1,2,4,147,0
147_3,0,1,2,1,4,147,3
147_4,2,1,0,1,4,147,4
147_10,0,1,2,1,4,147,10
147_12,1,1,1,1,4,147,12
147_13,1,0,1,2,4,147,13
148_0,0,1,2,1,4,148,0
148_1,0,1,2,1,4,148,1
149_0,0,1,2,1,4,149,0
149_1,0,1,2,1,4,149,1
149_4,1,1,1,1,4,149,4
149_5,0,1,2,1,4,149,5
149_7,0,1,2,1,4,149,7
149_8,0,1,2,1,4,149,8
149_9,1,1,1,1,4,149,9
149_12,1,1,1,1,4,149,12
149_17,2,1,0,1,4,149,17
150_0,2,1,0,1,4,150,0
150_1,0,1,2,1,4,150,1
150_3,0,1,2,1,4,150,3
150_4,0,1,2,1,4,150,4
150_5,0,1,2,1,4,150,5
150_6,2,1,0,1,4,150,6
150_7,0,1,2,1,4,150,7
150_8,0,1,2,1,4,150,8
150_9,0,1,2,1,4,150,9
150_15,1,2,1,0,4,150,15
150_19,0,1,2,1,4,150,19
150_20,0,1,2,1,4,150,20
150_22,0,1,2,1,4,150,22
150_24,0,1,2,1,4,150,24
150_25,0,1,2,1,4,150,25
150_26,0,1,2,1,4,150,26
150_27,2,1,0,1,4,150,27
150_28,0,1,2,1,4,150,28
150_29,0,1,2,1,4,150,29
150_30,0,1,2,1,4,150,30
150_31,0,1,2,1,4,150,31
150_32,0,1,2,1,4,150,32
150_33,0,1,2,1,4,150,33
150_34,0,1,2,1,4,150,34
151_0,0,1,2,1,4,151,0
151_1,0,1,2,1,4,151,1
151_2,1,1,1,1,4,151,2
151_3,0,1,2,1,4,151,3
151_4,0,1,2,1,4,151,4
151_5,1,1,1,1,4,151,5
151_6,1,1,1,1,4,151,6
151_9,0,1,2,1,4,151,9
151_10,1,1,1,1,4,151,10
151_15,1,1,1,1,4,151,15
152_0,1,0,1,2,4,152,0
152_1,0,1,2,1,4,152,1
152_2,0,1,2,1,4,152,2
152_3,0,1,2,1,4,152,3
152_4,0,1,2,1,4,152,4
152_6,0,1,2,1,4,152,6
152_7,0,1,2,1,4,152,7
152_8,0,1,2,1,4,152,8
152_9,0,1,2,1,4,152,9
153_10,0,1,2,1,4,153,10
153_11,0,1,2,1,4,153,11
153_12,0,1,2,1,4,153,12
153_13,0,1,2,1,4,153,13
153_14,2,1,0,1,4,153,14
153_15,0,1,2,1,4,153,15
153_17,0,1,2,1,4,153,17
153_18,0,1,2,1,4,153,18
153_19,0,1,2,1,4,153,19
155_0,0,1,2,1,4,155,0
155_1,0,1,2,1,4,155,1
155_2,0,1,2,1,4,155,2
155_3,0,1,2,1,4,155,3
155_4,0,1,2,1,4,155,4
155_5,0,1,2,1,4,155,5
155_6,0,1,2,1,4,155,6
155_7,0,1,2,1,4,155,7
155_8,0,1,2,1,4,155,8
155_9,0,1,2,1,4,155,9
156_11,0,1,2,1,4,156,11
156_14,1,2,1,0,4,156,14
156_15,0,1,2,1,4,156,15
156_19,0,1,2,1,4,156,19
156_20,0,1,2,1,4,156,20
156_21,0,1,2,1,4,156,21
156_22,0,1,2,1,4,156,22
156_23,1,1,1,1,4,156,23
156_24,0,1,2,1,4,156,24
156_25,1,1,1,1,4,156,25
156_26,0,1,2,1,4,156,26
156_28,0,1,2,1,4,156,28
156_29,0,1,2,1,4,156,29
157_11,0,1,2,1,4,157,11
157_14,1,1,1,1,4,157,14
157_18,1,1,1,1,4,157,18
158_5,1,1,1,1,4,158,5
158_13,0,1,2,1,4,158,13
158_15,1,1,1,1,4,158,15
158_18,1,1,1,1,4,158,18
159_5,1,0,1,2,4,159,5
159_6,1,0,1,2,4,159,6
159_7,1,0,1,2,4,159,7
159_9,1,0,1,2,4,159,9
159_10,1,0,1,2,4,159,10
159_15,1,0,1,2,4,159,15
159_16,1,1,1,1,4,159,16
159_17,1,1,1,1,4,159,17
159_18,1,2,1,0,4,159,18
160_12,1,2,1,0,4,160,12
160_16,2,1,0,1,4,160,16
160_17,1,2,1,0,4,160,17
160_18,1,1,1,1,4,160,18
162_20,0,1,2,1,4,162,20
162_22,0,1,2,1,4,162,22
162_24,0,1,2,1,4,162,24
162_26,1,2,1,0,4,162,26
163_8,0,1,2,1,4,163,8
164_0,2,1,0,1,4,164,0
164_1,2,1,0,1,4,164,1
164_3,0,1,2,1,4,164,3
164_6,0,1,2,1,4,164,6
164_8,1,1,1,1,4,164,8
164_10,0,1,2,1,4,164,10
164_11,0,1,2,1,4,164,11
164_12,1,2,1,0,4,164,12
164_13,0,1,2,1,4,164,13
164_15,1,1,1,1,4,164,15
164_16,1,1,1,1,4,164,16
164_17,0,1,2,1,4,164,17
164_18,1,1,1,1,4,164,18
164_19,0,1,2,1,4,164,19
166_0,0,1,2,1,4,166,0
166_2,0,1,2,1,4,166,2
166_3,0,1,2,1,4,166,3
166_4,0,1,2,1,4,166,4
166_7,0,1,2,1,4,166,7
166_8,0,1,2,1,4,166,8
167_0,0,1,2,1,4,167,0
167_1,0,1,2,1,4,167,1
167_2,0,1,2,1,4,167,2
167_3,1,1,1,1,4,167,3
167_4,0,1,2,1,4,167,4
167_5,0,1,2,1,4,167,5
167_8,0,1,2,1,4,167,8
167_9,0,1,2,1,4,167,9
167_13,1,1,1,1,4,167,13
167_15,2,1,0,1,4,167,15
167_17,1,1,1,1,4,167,17
167_18,1,1,1,1,4,167,18
168_5,0,1,2,1,4,168,5
168_6,0,1,2,1,4,168,6
168_9,0,1,2,1,4,168,9
168_15,1,0,1,2,4,168,15
168_16,1,1,1,1,4,168,16
168_18,1,0,1,2,4,168,18
169_0,1,1,1,1,4,169,0
169_9,0,1,2,1,4,169,9
170_2,0,1,2,1,4,170,2
170_15,1,1,1,1,4,170,15
170_18,1,1,1,1,4,170,18
170_19,1,0,1,2,4,170,19
170_22,1,2,1,0,4,170,22
170_23,1,0,1,2,4,170,23
170_29,2,1,0,1,4,170,29
171_2,0,1,2,1,4,171,2
171_4,0,1,2,1,4,171,4
171_6,1,0,1,2,4,171,6
171_11,1,0,1,2,4,171,11
173_1,0,1,2,1,4,173,1
173_4,1,0,1,2,4,173,4
173_6,0,1,2,1,4,173,6
173_7,1,0,1,2,4,173,7
173_9,0,1,2,1,4,173,9
174_1,1,2,1,0,4,174,1
174_2,0,1,2,1,4,174,2
174_3,0,1,2,1,4,174,3
174_5,1,1,1,1,4,174,5
174_9,1,0,1,2,4,174,9
174_18,1,0,1,2,4,174,18
174_19,1,0,1,2,4,174,19
175_2,1,0,1,2,4,175,2
175_8,0,1,2,1,4,175,8
175_17,1,0,1,2,4,175,17
176_3,1,1,1,1,4,176,3
176_7,1,1,1,1,4,176,7
176_8,1,0,1,2,4,176,8
176_9,1,2,1,0,4,176,9
176_11,1,0,1,2,4,176,11
176_18,1,0,1,2,4,176,18
177_2,1,1,1,1,4,177,2
177_3,0,1,2,1,4,177,3
177_6,0,1,2,1,4,177,6
177_9,0,1,2,1,4,177,9
177_12,1,0,1,2,4,177,12
177_15,1,0,1,2,4,177,15
178_1,0,1,2,1,4,178,1
178_8,0,1,2,1,4,178,8
178_13,1,0,1,2,4,178,13
178_17,1,0,1,2,4,178,17
179_3,0,1,2,1,4,179,3
179_5,1,0,1,2,4,179,5
179_6,0,1,2,1,4,179,6
179_19,1,0,1,2,4,179,19
179_25,0,1,2,1,4,179,25
179_26,0,1,2,1,4,179,26
180_3,1,0,1,2,4,180,3
180_11,0,1,2,1,4,180,11
180_15,0,1,2,1,4,180,15
180_18,0,1,2,1,4,180,18
181_7,1,0,1,2,4,181,7
181_10,0,1,2,1,4,181,10
181_14,0,1,2,1,4,181,14
181_23,0,1,2,1,4,181,23
181_28,0,1,2,1,4,181,28
182_8,0,1,2,1,4,182,8
182_9,1,0,1,2,4,182,9
182_11,0,1,2,1,4,182,11
182_12,1,1,1,1,4,182,12
182_13,0,1,2,1,4,182,13
183_1,0,1,2,1,4,183,1
183_4,1,0,1,2,4,183,4
183_5,1,1,1,1,4,183,5
184_2,2,1,0,1,4,184,2
184_5,1,0,1,2,4,184,5
184_10,1,0,1,2,4,184,10
184_18,1,0,1,2,4,184,18
184_19,1,1,1,1,4,184,19
185_0,0,1,2,1,4,185,0
185_3,1,0,1,2,4,185,3
185_9,2,1,0,1,4,185,9
186_0,1,0,1,2,4,186,0
186_1,2,1,0,1,4,186,1
186_4,1,1,1,1,4,186,4
186_5,1,2,1,0,4,186,5
186_7,2,1,0,1,4,186,7
186_9,2,1,0,1,4,186,9
186_18,1,1,1,1,4,186,18
186_21,1,1,1,1,4,186,21
186_22,1,1,1,1,4,186,22
186_23,0,1,2,1,4,186,23
186_24,2,1,0,1,4,186,24
186_27,1,1,1,1,4,186,27
187_2,1,1,1,1,4,187,2
187_3,1,0,1,2,4,187,3
187_5,1,0,1,2,4,187,5
187_7,0,1,2,1,4,187,7
187_8,1,0,1,2,4,187,8
187_9,1,0,1,2,4,187,9
187_12,1,0,1,2,4,187,12
187_17,1,0,1,2,4,187,17
187_19,1,0,1,2,4,187,19
188_3,1,2,1,0,4,188,3
188_5,2,1,0,1,4,188,5
188_11,2,1,0,1,4,188,11
188_15,1,0,1,2,4,188,15
188_22,0,1,2,1,4,188,22
188_26,1,2,1,0,4,188,26
188_29,0,1,2,1,4,188,29
189_1,1,0,1,2,4,189,1
189_3,1,0,1,2,4,189,3
189_5,1,1,1,1,4,189,5
189_6,2,1,0,1,4,189,6
189_9,1,0,1,2,4,189,9
189_19,1,0,1,2,4,189,19
189_21,1,0,1,2,4,189,21
189_22,1,0,1,2,4,189,22
189_25,1,0,1,2,4,189,25
189_28,1,0,1,2,4,189,28
190_9,1,1,1,1,4,190,9
190_20,1,0,1,2,4,190,20
190_21,0,1,2,1,4,190,21
190_22,1,0,1,2,4,190,22
190_23,1,0,1,2,4,190,23
190_25,0,1,2,1,4,190,25
190_32,0,1,2,1,4,190,32
191_5,1,0,1,2,4,191,5
191_12,0,1,2,1,4,191,12
192_0,1,0,1,2,4,192,0
192_4,1,0,1,2,4,192,4
192_5,1,0,1,2,4,192,5
193_3,1,0,1,2,4,193,3
193_9,1,0,1,2,4,193,9
195_6,1,0,1,2,4,195,6
195_12,1,0,1,2,4,195,12
195_18,0,1,2,1,4,195,18
195_20,1,2,1,0,4,195,20
195_22,1,0,1,2,4,195,22
195_23,0,1,2,1,4,195,23
195_24,0,1,2,1,4,195,24
195_27,0,1,2,1,4,195,27
195_31,0,1,2,1,4,195,31
196_0,0,1,2,1,4,196,0
196_2,0,1,2,1,4,196,2
196_7,0,1,2,1,4,196,7
197_1,0,1,2,1,4,197,1
197_4,1,0,1,2,4,197,4
197_5,1,1,1,1,4,197,5
197_7,1,0,1,2,4,197,7
197_8,0,1,2,1,4,197,8
197_9,2,1,0,1,4,197,9
197_14,1,1,1,1,4,197,14
197_19,1,0,1,2,4,197,19
200_0,0,1,2,1,4,200,0
200_2,1,1,1,1,4,200,2
200_7,1,0,1,2,4,200,7
200_15,1,0,1,2,4,200,15
200_16,0,1,2,1,4,200,16
200_20,0,1,2,1,4,200,20
200_25,1,1,1,1,4,200,25
200_26,1,0,1,2,4,200,26
200_27,1,0,1,2,4,200,27
201_2,1,0,1,2,4,201,2
201_14,1,0,1,2,4,201,14
201_15,2,1,0,1,4,201,15
201_17,1,0,1,2,4,201,17
202_0,1,0,1,2,4,202,0
202_4,1,0,1,2,4,202,4
202_5,1,0,1,2,4,202,5
202_8,0,1,2,1,4,202,8
202_9,1,1,1,1,4,202,9
202_11,1,0,1,2,4,202,11
202_17,0,1,2,1,4,202,17
202_19,1,2,1,0,4,202,19
203_0,1,0,1,2,4,203,0
203_10,0,1,2,1,4,203,10
203_15,0,1,2,1,4,203,15
204_0,0,1,2,1,4,204,0
204_2,1,0,1,2,4,204,2
204_3,1,0,1,2,4,204,3
204_5,1,2,1,0,4,204,5
204_6,1,0,1,2,4,204,6
204_12,1,0,1,2,4,204,12
204_15,1,0,1,2,4,204,15
204_17,1,0,1,2,4,204,17
205_1,0,1,2,1,4,205,1
205_6,0,1,2,1,4,205,6
205_11,1,0,1,2,4,205,11
205_14,1,0,1,2,4,205,14
205_18,1,2,1,0,4,205,18
205_22,2,1,0,1,4,205,22
205_24,1,2,1,0,4,205,24
205_30,1,1,1,1,4,205,30
205_37,0,1,2,1,4,205,37
205_39,1,2,1,0,4,205,39
205_42,0,1,2,1,4,205,42
205_43,1,2,1,0,4,205,43
207_0,1,0,1,2,4,207,0
207_2,1,2,1,0,4,207,2
207_7,1,1,1,1,4,207,7
207_8,0,1,2,1,4,207,8
207_16,1,0,1,2,4,207,16
208_0,1,0,1,2,4,208,0
208_4,1,0,1,2,4,208,4
208_5,1,0,1,2,4,208,5
208_9,1,0,1,2,4,208,9
208_16,0,1,2,1,4,208,16
208_18,1,2,1,0,4,208,18
209_2,1,0,1,2,4,209,2
209_11,1,0,1,2,4,209,11
210_2,0,1,2,1,4,210,2
210_8,1,1,1,1,4,210,8
210_10,1,2,1,0,4,210,10
210_12,0,1,2,1,4,210,12
210_13,0,1,2,1,4,210,13
210_14,0,1,2,1,4,210,14
210_15,1,1,1,1,4,210,15
210_16,1,1,1,1,4,210,16
210_17,1,2,1,0,4,210,17
210_18,1,1,1,1,4,210,18
210_19,0,1,2,1,4,210,19
211_0,1,1,1,1,4,211,0
211_5,1,0,1,2,4,211,5
211_6,1,0,1,2,4,211,6
211_7,1,0,1,2,4,211,7
211_8,1,0,1,2,4,211,8
211_9,1,0,1,2,4,211,9
211_10,0,1,2,1,4,211,10
211_11,1,1,1,1,4,211,11
211_12,1,1,1,1,4,211,12
211_13,0,1,2,1,4,211,13
211_14,1,1,1,1,4,211,14
211_15,0,1,2,1,4,211,15
211_16,2,1,0,1,4,211,16
211_17,1,1,1,1,4,211,17
211_19,1,1,1,1,4,211,19
213_2,0,1,2,1,4,213,2
213_3,0,1,2,1,4,213,3
213_4,1,1,1,1,4,213,4
213_5,1,0,1,2,4,213,5
213_6,1,2,1,0,4,213,6
213_7,1,1,1,1,4,213,7
213_8,1,0,1,2,4,213,8
213_9,2,1,0,1,4,213,9
213_10,2,1,0,1,4,213,10
213_11,1,1,1,1,4,213,11
213_12,2,1,0,1,4,213,12
213_13,1,1,1,1,4,213,13
214_0,1,0,1,2,4,214,0
214_4,1,0,1,2,4,214,4
214_10,0,1,2,1,4,214,10
214_11,2,1,0,1,4,214,11
214_12,2,1,0,1,4,214,12
214_13,0,1,2,1,4,214,13
214_14,0,1,2,1,4,214,14
214_15,1,1,1,1,4,214,15
214_16,1,1,1,1,4,214,16
214_18,2,1,0,1,4,214,18
214_19,2,1,0,1,4,214,19
214_20,2,1,0,1,4,214,20
214_22,1,0,1,2,4,214,22
214_23,2,1,0,1,4,214,23
214_24,2,1,0,1,4,214,24
215_4,2,1,0,1,4,215,4
215_6,2,1,0,1,4,215,6
215_7,1,0,1,2,4,215,7
215_10,1,1,1,1,4,215,10
215_11,0,1,2,1,4,215,11
215_12,1,0,1,2,4,215,12
215_13,1,1,1,1,4,215,13
215_14,1,1,1,1,4,215,14
215_15,2,1,0,1,4,215,15
215_16,1,0,1,2,4,215,16
215_17,2,1,0,1,4,215,17
216_2,1,1,1,1,4,216,2
217_1,0,1,2,1,4,217,1
217_2,0,1,2,1,4,217,2
217_4,0,1,2,1,4,217,4
217_6,1,1,1,1,4,217,6
217_7,0,1,2,1,4,217,7
217_8,0,1,2,1,4,217,8
217_13,1,1,1,1,4,217,13
217_19,0,1,2,1,4,217,19
220_0,0,1,2,1,4,220,0
220_1,0,1,2,1,4,220,1
220_2,0,1,2,1,4,220,2
220_3,0,1,2,1,4,220,3
220_4,0,1,2,1,4,220,4
220_5,0,1,2,1,4,220,5
220_7,1,2,1,0,4,220,7
220_8,1,1,1,1,4,220,8
220_9,0,1,2,1,4,220,9
220_15,1,1,1,1,4,220,15
221_0,0,1,2,1,4,221,0
221_3,0,1,2,1,4,221,3
221_4,0,1,2,1,4,221,4
221_5,0,1,2,1,4,221,5
221_6,0,1,2,1,4,221,6
221_7,0,1,2,1,4,221,7
221_8,1,1,1,1,4,221,8
221_9,1,1,1,1,4,221,9
225_1,0,1,2,1,4,225,1
225_3,0,1,2,1,4,225,3
225_5,0,1,2,1,4,225,5
225_6,0,1,2,1,4,225,6
225_8,1,2,1,0,4,225,8
225_9,0,1,2,1,4,225,9
225_12,0,1,2,1,4,225,12
225_14,0,1,2,1,4,225,14
227_3,0,1,2,1,4,227,3
227_12,1,1,1,1,4,227,12
228_0,1,1,1,1,4,228,0
228_1,0,1,2,1,4,228,1
228_2,1,1,1,1,4,228,2
228_3,0,1,2,1,4,228,3
228_4,0,1,2,1,4,228,4
228_5,0,1,2,1,4,228,5
228_6,0,1,2,1,4,228,6
228_8,0,1,2,1,4,228,8
228_12,1,0,1,2,4,228,12
228_13,1,0,1,2,4,228,13
228_16,1,0,1,2,4,228,16
228_19,1,1,1,1,4,228,19
228_20,0,1,2,1,4,228,20
228_21,0,1,2,1,4,228,21
228_23,0,1,2,1,4,228,23
228_25,0,1,2,1,4,228,25
228_27,0,1,2,1,4,228,27
228_28,1,1,1,1,4,228,28
228_29,0,1,2,1,4,228,29
228_33,1,0,1,2,4,228,33
228_37,1,0,1,2,4,228,37
228_39,1,0,1,2,4,228,39
228_42,0,1,2,1,4,228,42
228_45,0,1,2,1,4,228,45
229_0,0,1,2,1,4,229,0
229_5,0,1,2,1,4,229,5
229_9,0,1,2,1,4,229,9
229_10,0,1,2,1,4,229,10
229_16,0,1,2,1,4,229,16
229_18,0,1,2,1,4,229,18
229_20,1,1,1,1,4,229,20
229_21,0,1,2,1,4,229,21
229_22,1,1,1,1,4,229,22
229_25,0,1,2,1,4,229,25
229_26,0,1,2,1,4,229,26
229_29,0,1,2,1,4,229,29
229_30,0,1,2,1,4,229,30
229_31,1,1,1,1,4,229,31
229_33,1,1,1,1,4,229,33
229_34,0,1,2,1,4,229,34
229_35,1,1,1,1,4,229,35
229_36,1,1,1,1,4,229,36
230_3,0,1,2,1,4,230,3
230_4,1,1,1,1,4,230,4
230_5,0,1,2,1,4,230,5
230_6,0,1,2,1,4,230,6
230_7,0,1,2,1,4,230,7
230_8,1,1,1,1,4,230,8
230_9,0,1,2,1,4,230,9
230_10,1,0,1,2,4,230,10
231_0,0,1,2,1,4,231,0
231_2,0,1,2,1,4,231,2
231_3,0,1,2,1,4,231,3
231_4,1,1,1,1,4,231,4
231_5,0,1,2,1,4,231,5
231_6,0,1,2,1,4,231,6
231_7,0,1,2,1,4,231,7
231_8,1,0,1,2,4,231,8
231_9,0,1,2,1,4,231,9
234_0,1,0,1,2,4,234,0
234_3,1,1,1,1,4,234,3
234_4,1,1,1,1,4,234,4
234_5,1,2,1,0,4,234,5
234_7,2,1,0,1,4,234,7
234_8,1,2,1,0,4,234,8
234_11,1,1,1,1,4,234,11
234_13,1,0,1,2,4,234,13
234_19,1,0,1,2,4,234,19
237_1,0,1,2,1,4,237,1
237_4,1,0,1,2,4,237,4
237_9,1,0,1,2,4,237,9
237_10,0,1,2,1,4,237,10
237_11,0,1,2,1,4,237,11
237_12,0,1,2,1,4,237,12
237_13,1,2,1,0,4,237,13
237_14,1,1,1,1,4,237,14
237_15,1,1,1,1,4,237,15
237_16,0,1,2,1,4,237,16
237_17,0,1,2,1,4,237,17
237_20,1,2,1,0,4,237,20
237_27,1,2,1,0,4,237,27
238_0,0,1,1,0,2,238,0
238_1,0,0,1,1,2,238,1
238_2,0,0,1,1,2,238,2
238_3,0,0,1,1,2,238,3
238_4,0,0,1,1,2,238,4
238_5,0,0,1,1,2,238,5
238_6,0,1,1,0,2,238,6
238_7,0,0,1,1,2,238,7
238_8,1,1,0,0,2,238,8
238_9,0,0,1,1,2,238,9
238_10,0,0,1,1,2,238,10
238_11,1,0,0,1,2,238,11
238_12,0,0,1,1,2,238,12
238_13,0,0,1,1,2,238,13
238_14,1,0,0,1,2,238,14
238_15,0,1,1,0,2,238,15
238_16,1,0,0,1,2,238,16
238_17,0,0,1,1,2,238,17
238_18,0,0,1,1,2,238,18
238_19,0,0,1,1,2,238,19
238_20,1,0,0,1,2,238,20
238_21,1,0,0,1,2,238,21
238_22,0,1,1,0,2,238,22
238_23,0,1,1,0,2,238,23
238_24,0,0,1,1,2,238,24
238_25,1,1,0,0,2,238,25
238_26,1,1,0,0,2,238,26
238_27,0,1,1,0,2,238,27
238_28,0,0,1,1,2,238,28
238_29,0,0,1,1,2,238,29
239_0,1,2,1,0,4,239,0
239_4,0,1,2,1,4,239,4
239_8,0,1,2,1,4,239,8
239_9,1,0,1,2,4,239,9
239_13,0,1,2,1,4,239,13
241_2,0,1,2,1,4,241,2
241_8,0,1,2,1,4,241,8
241_9,0,1,2,1,4,241,9
241_10,1,1,1,1,4,241,10
241_11,0,1,2,1,4,241,11
241_12,0,1,2,1,4,241,12
241_13,0,1,2,1,4,241,13
241_14,0,1,2,1,4,241,14
241_15,0,1,2,1,4,241,15
241_16,0,1,2,1,4,241,16
243_0,1,0,1,2,4,243,0
243_1,1,0,1,2,4,243,1
243_2,1,0,1,2,4,243,2
243_4,1,2,1,0,4,243,4
243_5,0,1,2,1,4,243,5
243_6,1,0,1,2,4,243,6
243_7,1,0,1,2,4,243,7
243_8,0,1,2,1,4,243,8
243_9,1,0,1,2,4,243,9
244_3,1,0,1,2,4,244,3
244_7,1,0,1,2,4,244,7
244_8,0,1,2,1,4,244,8
244_11,2,1,0,1,4,244,11
244_12,0,1,2,1,4,244,12
244_13,2,1,0,1,4,244,13
244_14,1,1,1,1,4,244,14
244_15,0,1,2,1,4,244,15
244_16,1,1,1,1,4,244,16
245_7,1,2,1,0,4,245,7
245_9,1,2,1,0,4,245,9
245_10,1,1,1,1,4,245,10
245_13,0,1,2,1,4,245,13
246_0,0,1,2,1,4,246,0
246_1,0,1,2,1,4,246,1
246_2,0,1,2,1,4,246,2
246_4,0,1,2,1,4,246,4
246_5,0,1,2,1,4,246,5
246_6,0,1,2,1,4,246,6
246_7,0,1,2,1,4,246,7
246_8,0,1,2,1,4,246,8
246_9,0,1,2,1,4,246,9
250_0,1,0,1,2,4,250,0
250_2,1,0,1,2,4,250,2
250_3,1,0,1,2,4,250,3
250_4,1,0,1,2,4,250,4
250_8,1,2,1,0,4,250,8
250_10,0,1,2,1,4,250,10
250_14,0,1,2,1,4,250,14
250_17,0,1,2,1,4,250,17
251_0,0,0,1,1,2,251,0
251_1,1,0,0,1,2,251,1
251_2,0,0,1,1,2,251,2
251_3,0,0,1,1,2,251,3
251_5,0,1,1,0,2,251,5
251_6,0,1,1,0,2,251,6
251_7,0,0,1,1,2,251,7
251_8,0,0,1,1,2,251,8
251_9,0,0,1,1,2,251,9
251_10,0,0,1,1,2,251,10
251_11,0,0,1,1,2,251,11
251_12,0,1,1,0,2,251,12
251_13,0,0,1,1,2,251,13
251_15,0,0,1,1,2,251,15
251_16,0,0,1,1,2,251,16
251_17,0,0,1,1,2,251,17
251_18,0,0,1,1,2,251,18
251_19,0,0,1,1,2,251,19
252_3,1,0,1,2,4,252,3
252_9,1,0,1,2,4,252,9
253_0,0,1,2,1,4,253,0
253_9,0,1,2,1,4,253,9
253_19,1,1,1,1,4,253,19
255_0,0,1,2,1,4,255,0
255_1,0,1,2,1,4,255,1
255_2,0,1,2,1,4,255,2
255_3,0,1,2,1,4,255,3
255_6,1,2,1,0,4,255,6
255_7,1,1,1,1,4,255,7
255_9,1,0,1,2,4,255,9
255_14,0,1,2,1,4,255,14
256_1,1,0,1,2,4,256,1
256_3,1,1,1,1,4,256,3
256_6,1,1,1,1,4,256,6
256_7,1,0,1,2,4,256,7
256_8,1,0,1,2,4,256,8
256_9,1,1,1,1,4,256,9
256_10,1,0,1,2,4,256,10
256_11,1,0,1,2,4,256,11
256_12,1,0,1,2,4,256,12
256_13,1,2,1,0,4,256,13
256_14,1,0,1,2,4,256,14
256_15,1,0,1,2,4,256,15
256_16,1,0,1,2,4,256,16
256_17,1,0,1,2,4,256,17
256_18,1,0,1,2,4,256,18
256_19,1,0,1,2,4,256,19
258_1,0,1,2,1,4,258,1
258_10,0,1,2,1,4,258,10
258_19,1,0,1,2,4,258,19
259_0,1,1,1,1,4,259,0
259_8,2,1,0,1,4,259,8
259_13,1,1,1,1,4,259,13
259_14,1,0,1,2,4,259,14
260_2,1,1,1,1,4,260,2
261_12,1,1,1,1,4,261,12
261_18,1,1,1,1,4,261,18
261_19,1,2,1,0,4,261,19
264_0,0,1,2,1,4,264,0
264_1,1,0,1,2,4,264,1
264_2,1,0,1,2,4,264,2
264_3,1,0,1,2,4,264,3
264_4,1,0,1,2,4,264,4
264_5,1,0,1,2,4,264,5
264_6,0,1,2,1,4,264,6
264_7,1,0,1,2,4,264,7
264_9,1,0,1,2,4,264,9
264_12,2,1,0,1,4,264,12
264_17,0,1,2,1,4,264,17
264_19,1,0,1,2,4,264,19
265_8,1,0,1,2,4,265,8
265_9,1,0,1,2,4,265,9
266_0,1,0,1,2,4,266,0
266_7,1,1,1,1,4,266,7
266_8,1,0,1,2,4,266,8
266_12,1,2,1,0,4,266,12
266_19,1,0,1,2,4,266,19
267_0,2,1,0,1,4,267,0
267_1,2,1,0,1,4,267,1
267_2,1,0,1,2,4,267,2
267_3,1,0,1,2,4,267,3
267_4,1,0,1,2,4,267,4
267_5,1,0,1,2,4,267,5
267_6,1,0,1,2,4,267,6
267_7,1,0,1,2,4,267,7
267_8,1,0,1,2,4,267,8
267_9,1,0,1,2,4,267,9
268_5,1,0,1,2,4,268,5
268_10,1,0,1,2,4,268,10
268_12,2,1,0,1,4,268,12
268_15,1,1,1,1,4,268,15
268_18,0,1,2,1,4,268,18
268_26,1,0,1,2,4,268,26
268_28,1,0,1,2,4,268,28
270_5,2,1,0,1,4,270,5
270_6,0,1,2,1,4,270,6
270_7,0,1,2,1,4,270,7
270_14,1,2,1,0,4,270,14
270_16,0,1,2,1,4,270,16
270_23,0,1,2,1,4,270,23
271_1,0,1,2,1,4,271,1
271_3,1,0,1,2,4,271,3
271_12,0,1,2,1,4,271,12
272_8,1,0,1,2,4,272,8
272_12,1,0,1,2,4,272,12
272_17,1,0,1,2,4,272,17
272_18,0,1,2,1,4,272,18
273_6,1,2,1,0,4,273,6
273_16,1,0,1,2,4,273,16
273_17,0,1,2,1,4,273,17
273_18,0,1,2,1,4,273,18
273_24,1,0,1,2,4,273,24
274_2,0,1,2,1,4,274,2
274_7,0,1,2,1,4,274,7
274_10,1,0,1,2,4,274,10
274_11,0,1,2,1,4,274,11
274_15,1,0,1,2,4,274,15
274_17,1,0,1,2,4,274,17
274_19,1,0,1,2,4,274,19
275_0,1,0,1,2,4,275,0
275_10,1,0,1,2,4,275,10
275_12,1,0,1,2,4,275,12
275_15,0,1,2,1,4,275,15
275_17,0,1,2,1,4,275,17
275_19,1,0,1,2,4,275,19
276_18,0,1,2,1,4,276,18
278_2,1,0,1,2,4,278,2
278_3,1,0,1,2,4,278,3
278_10,1,0,1,2,4,278,10
278_13,1,2,1,0,4,278,13
278_15,0,1,2,1,4,278,15
279_8,1,1,1,1,4,279,8
279_10,0,1,2,1,4,279,10
279_11,0,1,2,1,4,279,11
279_12,0,1,2,1,4,279,12
279_13,0,1,2,1,4,279,13
279_14,0,1,2,1,4,279,14
279_15,0,1,2,1,4,279,15
279_16,0,1,2,1,4,279,16
279_17,0,1,2,1,4,279,17
279_18,0,1,2,1,4,279,18
279_19,0,1,2,1,4,279,19
280_1,0,1,2,1,4,280,1
281_19,1,2,1,0,4,281,19
283_10,1,1,1,1,4,283,10
283_17,1,1,1,1,4,283,17
283_22,1,0,1,2,4,283,22
284_8,0,1,2,1,4,284,8
285_0,1,0,1,2,4,285,0
285_3,0,1,2,1,4,285,3
285_5,1,1,1,1,4,285,5
285_8,0,1,2,1,4,285,8
285_9,2,1,0,1,4,285,9
285_13,1,0,1,2,4,285,13
285_17,1,0,1,2,4,285,17
286_1,1,0,1,2,4,286,1
286_4,1,0,1,2,4,286,4
286_5,1,0,1,2,4,286,5
286_12,1,0,1,2,4,286,12
286_13,1,0,1,2,4,286,13
286_16,1,0,1,2,4,286,16
286_19,1,0,1,2,4,286,19
287_1,0,1,2,1,4,287,1
288_10,1,0,1,2,4,288,10
288_12,0,1,2,1,4,288,12
288_13,1,1,1,1,4,288,13
288_16,1,0,1,2,4,288,16
288_17,1,0,1,2,4,288,17
289_2,1,0,1,2,4,289,2
289_10,1,1,1,1,4,289,10
289_12,1,0,1,2,4,289,12
289_13,1,1,1,1,4,289,13
289_14,1,0,1,2,4,289,14
289_19,0,1,2,1,4,289,19
291_10,0,1,2,1,4,291,10
291_11,0,1,2,1,4,291,11
291_12,0,1,2,1,4,291,12
291_13,0,1,2,1,4,291,13
291_14,0,1,2,1,4,291,14
291_15,0,1,2,1,4,291,15
291_16,0,1,2,1,4,291,16
291_17,0,1,2,1,4,291,17
291_18,0,1,2,1,4,291,18
291_19,0,1,2,1,4,291,19
292_4,0,1,2,1,4,292,4
292_9,0,1,2,1,4,292,9
292_10,0,1,2,1,4,292,10
295_0,0,0,1,1,2,295,0
295_1,1,0,0,1,2,295,1
295_3,0,1,1,0,2,295,3
295_4,0,1,1,0,2,295,4
295_5,0,0,1,1,2,295,5
295_6,1,0,0,1,2,295,6
295_7,0,1,1,0,2,295,7
295_8,0,0,1,1,2,295,8
295_9,0,0,1,1,2,295,9
295_10,0,0,1,1,2,295,10
295_11,0,1,1,0,2,295,11
295_12,0,0,1,1,2,295,12
295_13,0,0,1,1,2,295,13
295_14,0,1,1,0,2,295,14
295_15,0,0,1,1,2,295,15
295_16,0,0,1,1,2,295,16
295_17,0,0,1,1,2,295,17
295_18,0,0,1,1,2,295,18
295_19,0,0,1,1,2,295,19
295_20,0,0,1,1,2,295,20
295_21,0,0,1,1,2,295,21
295_22,0,1,1,0,2,295,22
295_23,0,1,1,0,2,295,23
295_24,0,0,1,1,2,295,24
295_25,0,1,1,0,2,295,25
295_26,1,1,0,0,2,295,26
295_27,0,0,1,1,2,295,27
295_28,1,0,0,1,2,295,28
295_29,0,0,1,1,2,295,29
295_30,0,0,1,1,2,295,30
295_31,0,0,1,1,2,295,31
295_32,0,0,1,1,2,295,32
295_33,0,0,1,1,2,295,33
296_0,0,0,1,1,2,296,0
296_1,0,0,1,1,2,296,1
296_2,0,0,1,1,2,296,2
296_3,0,0,1,1,2,296,3
296_4,0,0,1,1,2,296,4
296_5,0,0,1,1,2,296,5
296_6,0,0,1,1,2,296,6
296_7,0,0,1,1,2,296,7
296_8,0,0,1,1,2,296,8
296_9,0,0,1,1,2,296,9
301_0,1,1,1,1,4,301,0
301_3,1,0,1,2,4,301,3
301_5,1,2,1,0,4,301,5
301_6,1,0,1,2,4,301,6
301_10,0,1,2,1,4,301,10
301_13,1,0,1,2,4,301,13
301_18,1,1,1,1,4,301,18
303_2,0,1,2,1,4,303,2
303_5,0,1,2,1,4,303,5
304_0,0,1,2,1,4,304,0
304_10,1,0,1,2,4,304,10
304_12,1,1,1,1,4,304,12
305_5,0,1,2,1,4,305,5
305_14,1,1,1,1,4,305,14
305_15,1,1,1,1,4,305,15
306_0,1,0,1,2,4,306,0
306_5,1,0,1,2,4,306,5
306_6,1,0,1,2,4,306,6
306_8,1,0,1,2,4,306,8
306_10,1,0,1,2,4,306,10
306_11,0,1,2,1,4,306,11
306_12,1,0,1,2,4,306,12
306_13,1,1,1,1,4,306,13
306_18,0,1,2,1,4,306,18
307_4,0,1,2,1,4,307,4
307_8,1,0,1,2,4,307,8
307_9,0,1,2,1,4,307,9
307_11,0,1,2,1,4,307,11
307_13,0,1,2,1,4,307,13
307_18,1,1,1,1,4,307,18
308_0,1,2,1,0,4,308,0
308_1,1,0,1,2,4,308,1
308_2,1,1,1,1,4,308,2
308_3,1,0,1,2,4,308,3
308_4,1,0,1,2,4,308,4
308_6,1,1,1,1,4,308,6
308_7,1,0,1,2,4,308,7
308_11,1,0,1,2,4,308,11
308_12,1,2,1,0,4,308,12
308_13,1,1,1,1,4,308,13
308_14,1,0,1,2,4,308,14
308_15,2,1,0,1,4,308,15
308_17,1,0,1,2,4,308,17
308_18,1,1,1,1,4,308,18
308_19,1,2,1,0,4,308,19
308_20,1,0,1,2,4,308,20
308_21,1,0,1,2,4,308,21
308_23,1,0,1,2,4,308,23
308_24,1,2,1,0,4,308,24
308_25,1,0,1,2,4,308,25
308_26,1,1,1,1,4,308,26
308_27,1,2,1,0,4,308,27
308_28,1,1,1,1,4,308,28
309_4,1,0,1,2,4,309,4
309_7,1,0,1,2,4,309,7
309_10,1,1,1,1,4,309,10
309_11,0,1,2,1,4,309,11
309_19,1,2,1,0,4,309,19
311_10,1,1,1,1,4,311,10
311_11,0,1,2,1,4,311,11
311_14,0,1,2,1,4,311,14
311_15,0,1,2,1,4,311,15
311_16,0,1,2,1,4,311,16
311_17,1,1,1,1,4,311,17
311_18,0,1,2,1,4,311,18
311_19,1,1,1,1,4,311,19
312_1,0,1,2,1,4,312,1
312_6,0,1,2,1,4,312,6
312_9,0,1,2,1,4,312,9
313_1,1,0,1,2,4,313,1
313_7,1,0,1,2,4,313,7
313_10,1,2,1,0,4,313,10
314_3,1,0,1,2,4,314,3
314_6,1,1,1,1,4,314,6
314_9,1,0,1,2,4,314,9
314_10,1,0,1,2,4,314,10
314_11,0,1,2,1,4,314,11
314_12,1,0,1,2,4,314,12
314_14,1,1,1,1,4,314,14
314_16,1,0,1,2,4,314,16
314_17,1,0,1,2,4,314,17
314_18,2,1,0,1,4,314,18
314_20,0,1,2,1,4,314,20
314_23,1,1,1,1,4,314,23
314_25,1,1,1,1,4,314,25
314_26,1,1,1,1,4,314,26
314_27,1,1,1,1,4,314,27
314_28,1,0,1,2,4,314,28
316_5,1,1,1,1,4,316,5
316_14,1,0,1,2,4,316,14
316_16,1,0,1,2,4,316,16
317_1,1,0,1,2,4,317,1
317_2,1,0,1,2,4,317,2
317_7,1,2,1,0,4,317,7
317_8,1,1,1,1,4,317,8
317_9,1,1,1,1,4,317,9
317_14,0,1,2,1,4,317,14
317_15,1,0,1,2,4,317,15
318_0,1,2,1,0,4,318,0
318_1,1,1,1,1,4,318,1
318_2,1,0,1,2,4,318,2
318_3,1,0,1,2,4,318,3
318_4,1,0,1,2,4,318,4
318_6,1,0,1,2,4,318,6
318_8,1,2,1,0,4,318,8
318_9,1,1,1,1,4,318,9
318_11,1,0,1,2,4,318,11
318_12,1,0,1,2,4,318,12
318_14,1,0,1,2,4,318,14
318_16,1,0,1,2,4,318,16
318_17,1,0,1,2,4,318,17
318_19,1,0,1,2,4,318,19
319_0,1,0,1,2,4,319,0
319_5,0,1,2,1,4,319,5
319_8,1,1,1,1,4,319,8
319_9,0,1,2,1,4,319,9
319_10,0,1,2,1,4,319,10
323_1,0,1,2,1,4,323,1
323_4,1,2,1,0,4,323,4
323_5,0,1,2,1,4,323,5
323_7,0,1,2,1,4,323,7
326_5,1,0,1,2,4,326,5
326_6,1,0,1,2,4,326,6
326_9,2,1,0,1,4,326,9
326_10,1,1,1,1,4,326,10
326_11,1,0,1,2,4,326,11
326_14,2,1,0,1,4,326,14
326_15,0,1,2,1,4,326,15
326_17,1,0,1,2,4,326,17
326_18,0,1,2,1,4,326,18
327_1,1,0,1,2,4,327,1
327_3,1,0,1,2,4,327,3
327_6,0,1,2,1,4,327,6
327_7,1,0,1,2,4,327,7
327_8,1,0,1,2,4,327,8
327_13,1,0,1,2,4,327,13
327_14,1,0,1,2,4,327,14
327_18,1,0,1,2,4,327,18
327_19,1,1,1,1,4,327,19
328_2,1,0,1,2,4,328,2
328_5,1,1,1,1,4,328,5
328_6,1,0,1,2,4,328,6
328_10,0,1,2,1,4,328,10
328_11,2,1,0,1,4,328,11
328_12,1,1,1,1,4,328,12
328_13,1,1,1,1,4,328,13
328_14,1,0,1,2,4,328,14
328_15,0,1,2,1,4,328,15
328_16,0,1,2,1,4,328,16
328_18,1,1,1,1,4,328,18
328_19,0,1,2,1,4,328,19
329_2,1,1,1,1,4,329,2
329_3,1,0,1,2,4,329,3
329_5,1,0,1,2,4,329,5
329_8,1,0,1,2,4,329,8
329_9,1,0,1,2,4,329,9
329_10,0,1,2,1,4,329,10
329_11,2,1,0,1,4,329,11
329_12,0,1,2,1,4,329,12
329_13,1,1,1,1,4,329,13
329_14,1,0,1,2,4,329,14
329_15,0,1,2,1,4,329,15
329_16,1,1,1,1,4,329,16
329_17,0,1,2,1,4,329,17
329_18,0,1,2,1,4,329,18
329_19,0,1,2,1,4,329,19
330_2,1,0,1,2,4,330,2
330_3,0,1,2,1,4,330,3
330_5,0,1,2,1,4,330,5
330_9,1,0,1,2,4,330,9
330_12,1,0,1,2,4,330,12
330_16,1,2,1,0,4,330,16
330_21,1,0,1,2,4,330,21
330_25,0,1,2,1,4,330,25
330_33,0,1,2,1,4,330,33
331_0,2,1,0,1,4,331,0
331_2,1,0,1,2,4,331,2
331_6,2,1,0,1,4,331,6
331_9,2,1,0,1,4,331,9
331_10,0,1,2,1,4,331,10
331_14,2,1,0,1,4,331,14
331_15,1,0,1,2,4,331,15
331_16,1,0,1,2,4,331,16
331_18,1,0,1,2,4,331,18
332_1,1,2,1,0,4,332,1
332_6,1,2,1,0,4,332,6
334_0,2,1,0,1,4,334,0
334_3,0,1,2,1,4,334,3
334_18,1,2,1,0,4,334,18
335_0,2,1,0,1,4,335,0
335_1,1,1,1,1,4,335,1
335_2,1,1,1,1,4,335,2
335_3,1,2,1,0,4,335,3
335_5,2,1,0,1,4,335,5
335_6,1,1,1,1,4,335,6
335_7,1,1,1,1,4,335,7
335_8,1,0,1,2,4,335,8
335_10,1,0,1,2,4,335,10
335_11,1,0,1,2,4,335,11
335_13,2,1,0,1,4,335,13
335_14,1,1,1,1,4,335,14
335_15,1,1,1,1,4,335,15
335_16,2,1,0,1,4,335,16
336_1,0,1,2,1,4,336,1
336_3,1,0,1,2,4,336,3
336_4,1,2,1,0,4,336,4
336_5,2,1,0,1,4,336,5
336_6,1,0,1,2,4,336,6
336_7,1,1,1,1,4,336,7
336_8,1,0,1,2,4,336,8
336_11,1,0,1,2,4,336,11
336_13,1,0,1,2,4,336,13
336_15,1,1,1,1,4,336,15
337_5,2,1,0,1,4,337,5
338_2,1,0,1,2,4,338,2
338_7,2,1,0,1,4,338,7
338_9,1,0,1,2,4,338,9
338_10,1,0,1,2,4,338,10
338_11,1,0,1,2,4,338,11
338_13,1,0,1,2,4,338,13
338_14,1,2,1,0,4,338,14
338_16,1,1,1,1,4,338,16
338_17,1,0,1,2,4,338,17
338_19,1,0,1,2,4,338,19
339_0,1,0,1,2,4,339,0
339_2,1,2,1,0,4,339,2
339_4,1,0,1,2,4,339,4
339_5,1,0,1,2,4,339,5
339_7,1,0,1,2,4,339,7
339_8,1,0,1,2,4,339,8
339_9,1,0,1,2,4,339,9
339_10,1,1,1,1,4,339,10
339_11,1,0,1,2,4,339,11
339_12,1,0,1,2,4,339,12
339_13,1,0,1,2,4,339,13
339_14,1,2,1,0,4,339,14
339_15,1,0,1,2,4,339,15
339_16,1,0,1,2,4,339,16
339_17,1,0,1,2,4,339,17
339_18,1,0,1,2,4,339,18
339_19,1,2,1,0,4,339,19
339_21,1,2,1,0,4,339,21
339_22,1,0,1,2,4,339,22
339_23,1,2,1,0,4,339,23
339_24,1,0,1,2,4,339,24
339_25,1,2,1,0,4,339,25
339_26,1,0,1,2,4,339,26
339_27,1,0,1,2,4,339,27
339_28,1,0,1,2,4,339,28
339_29,1,0,1,2,4,339,29
341_0,0,1,2,1,4,341,0
341_2,2,1,0,1,4,341,2
342_0,1,2,1,0,4,342,0
342_2,1,2,1,0,4,342,2
342_3,1,1,1,1,4,342,3
342_4,1,0,1,2,4,342,4
342_5,1,0,1,2,4,342,5
342_6,1,0,1,2,4,342,6
342_7,1,0,1,2,4,342,7
342_8,1,0,1,2,4,342,8
342_12,1,0,1,2,4,342,12
342_15,1,0,1,2,4,342,15
342_16,1,0,1,2,4,342,16
342_17,1,0,1,2,4,342,17
342_18,1,0,1,2,4,342,18
342_19,1,0,1,2,4,342,19
343_0,1,0,1,2,4,343,0
343_2,1,1,1,1,4,343,2
343_3,1,0,1,2,4,343,3
343_4,1,0,1,2,4,343,4
343_5,1,0,1,2,4,343,5
343_6,1,0,1,2,4,343,6
343_10,1,0,1,2,4,343,10
343_11,1,0,1,2,4,343,11
343_15,1,0,1,2,4,343,15
343_16,1,0,1,2,4,343,16
345_1,1,0,1,2,4,345,1
345_2,1,0,1,2,4,345,2
345_5,1,0,1,2,4,345,5
345_9,1,0,1,2,4,345,9
345_10,1,0,1,2,4,345,10
345_11,1,0,1,2,4,345,11
345_12,1,0,1,2,4,345,12
345_13,1,0,1,2,4,345,13
345_16,1,0,1,2,4,345,16
345_18,1,0,1,2,4,345,18
346_1,0,1,2,1,4,346,1
346_3,1,2,1,0,4,346,3
346_11,0,1,2,1,4,346,11
346_14,0,1,2,1,4,346,14
346_15,1,0,1,2,4,346,15
347_1,2,1,0,1,4,347,1
347_5,0,1,2,1,4,347,5
348_2,1,0,1,2,4,348,2
348_3,1,2,1,0,4,348,3
348_5,1,0,1,2,4,348,5
348_13,2,1,0,1,4,348,13
348_15,1,0,1,2,4,348,15
348_19,1,0,1,2,4,348,19
349_1,1,0,1,2,4,349,1
349_2,1,0,1,2,4,349,2
350_1,1,0,1,2,4,350,1
350_2,1,0,1,2,4,350,2
350_3,1,0,1,2,4,350,3
350_4,1,0,1,2,4,350,4
350_5,1,1,1,1,4,350,5
350_6,1,2,1,0,4,350,6
350_7,1,0,1,2,4,350,7
350_8,1,0,1,2,4,350,8
350_9,1,0,1,2,4,350,9
351_0,1,0,1,2,4,351,0
351_2,1,0,1,2,4,351,2
351_5,1,2,1,0,4,351,5
351_6,1,0,1,2,4,351,6
351_9,1,0,1,2,4,351,9
351_10,1,0,1,2,4,351,10
351_12,1,2,1,0,4,351,12
351_17,1,1,1,1,4,351,17
352_2,1,0,1,2,4,352,2
352_4,1,0,1,2,4,352,4
352_5,1,2,1,0,4,352,5
352_6,1,1,1,1,4,352,6
352_7,1,0,1,2,4,352,7
352_8,1,2,1,0,4,352,8
352_11,1,0,1,2,4,352,11
352_12,1,0,1,2,4,352,12
352_13,1,1,1,1,4,352,13
352_14,1,0,1,2,4,352,14
352_17,1,0,1,2,4,352,17
352_18,1,0,1,2,4,352,18
353_6,0,1,2,1,4,353,6
354_0,1,0,1,2,4,354,0
354_3,1,0,1,2,4,354,3
354_4,0,1,2,1,4,354,4
354_5,1,0,1,2,4,354,5
354_7,1,2,1,0,4,354,7
354_8,1,2,1,0,4,354,8
354_11,1,0,1,2,4,354,11
354_12,1,0,1,2,4,354,12
354_14,1,0,1,2,4,354,14
354_16,1,1,1,1,4,354,16
354_17,1,0,1,2,4,354,17
354_18,1,0,1,2,4,354,18
356_7,1,0,1,2,4,356,7
357_2,1,0,1,2,4,357,2
357_4,1,0,1,2,4,357,4
357_8,1,0,1,2,4,357,8
357_10,0,1,2,1,4,357,10
357_11,0,1,2,1,4,357,11
357_13,1,0,1,2,4,357,13
357_16,1,0,1,2,4,357,16
357_17,1,0,1,2,4,357,17
357_18,1,0,1,2,4,357,18
358_5,0,1,2,1,4,358,5
358_7,0,1,2,1,4,358,7
358_9,1,2,1,0,4,358,9
358_10,1,2,1,0,4,358,10
358_13,0,1,2,1,4,358,13
358_14,1,0,1,2,4,358,14
358_17,1,0,1,2,4,358,17
358_21,1,0,1,2,4,358,21
358_22,1,0,1,2,4,358,22
358_23,1,2,1,0,4,358,23
358_24,1,0,1,2,4,358,24
358_28,1,0,1,2,4,358,28
359_1,0,1,2,1,4,359,1
359_3,0,1,2,1,4,359,3
359_6,0,1,2,1,4,359,6
359_9,0,1,2,1,4,359,9
359_11,1,0,1,2,4,359,11
359_13,1,0,1,2,4,359,13
359_15,1,0,1,2,4,359,15
361_2,1,1,1,1,4,361,2
361_17,1,0,1,2,4,361,17
361_18,1,0,1,2,4,361,18
361_20,1,0,1,2,4,361,20
361_21,1,0,1,2,4,361,21
362_0,1,0,1,2,4,362,0
362_3,0,1,2,1,4,362,3
362_6,1,1,1,1,4,362,6
362_7,0,1,2,1,4,362,7
363_2,0,1,2,1,4,363,2
363_7,1,0,1,2,4,363,7
363_17,1,0,1,2,4,363,17
363_19,1,1,1,1,4,363,19
366_0,0,1,2,1,4,366,0
366_1,1,0,1,2,4,366,1
366_2,0,1,2,1,4,366,2
366_3,1,0,1,2,4,366,3
366_4,1,0,1,2,4,366,4
366_5,1,0,1,2,4,366,5
366_6,1,0,1,2,4,366,6
366_12,1,0,1,2,4,366,12
366_14,1,0,1,2,4,366,14
366_17,1,0,1,2,4,366,17
368_9,1,1,1,1,4,368,9
369_4,1,1,1,1,4,369,4
370_4,1,1,1,1,4,370,4
370_11,1,1,1,1,4,370,11
370_13,0,1,2,1,4,370,13
370_15,2,1,0,1,4,370,15
370_16,1,1,1,1,4,370,16
370_18,2,1,0,1,4,370,18
370_19,2,1,0,1,4,370,19
372_2,1,2,1,0,4,372,2
372_4,1,2,1,0,4,372,4
372_5,1,2,1,0,4,372,5
372_7,1,1,1,1,4,372,7
372_16,1,1,1,1,4,372,16
372_17,1,0,1,2,4,372,17
373_0,1,1,1,1,4,373,0
373_1,0,1,2,1,4,373,1
373_2,1,1,1,1,4,373,2
373_3,1,1,1,1,4,373,3
373_4,1,2,1,0,4,373,4
373_5,1,1,1,1,4,373,5
373_6,1,1,1,1,4,373,6
373_7,0,1,2,1,4,373,7
373_8,2,1,0,1,4,373,8
373_10,1,1,1,1,4,373,10
373_13,1,1,1,1,4,373,13
373_14,1,1,1,1,4,373,14
373_16,0,1,2,1,4,373,16
373_18,1,0,1,2,4,373,18
374_0,0,1,2,1,4,374,0
374_2,0,1,2,1,4,374,2
374_4,0,1,2,1,4,374,4
374_5,0,1,2,1,4,374,5
374_6,2,1,0,1,4,374,6
375_0,1,0,1,2,4,375,0
375_1,1,0,1,2,4,375,1
375_2,2,1,0,1,4,375,2
375_7,0,1,2,1,4,375,7
375_8,0,1,2,1,4,375,8
376_2,0,1,2,1,4,376,2
376_4,1,1,1,1,4,376,4
378_0,1,0,1,2,4,378,0
378_1,1,0,1,2,4,378,1
378_3,1,0,1,2,4,378,3
378_6,1,0,1,2,4,378,6
378_7,1,0,1,2,4,378,7
378_9,1,1,1,1,4,378,9
378_13,1,0,1,2,4,378,13
378_14,1,0,1,2,4,378,14
378_15,1,0,1,2,4,378,15
378_16,1,0,1,2,4,378,16
378_17,1,0,1,2,4,378,17
378_18,1,0,1,2,4,378,18
378_19,1,0,1,2,4,378,19
381_16,0,1,2,1,4,381,16
381_19,1,0,1,2,4,381,19
383_4,1,1,1,1,4,383,4
383_12,1,0,1,2,4,383,12
383_13,0,1,2,1,4,383,13
383_17,0,1,2,1,4,383,17
383_20,1,0,1,2,4,383,20
383_23,0,1,2,1,4,383,23
383_25,1,0,1,2,4,383,25
385_0,1,0,1,2,4,385,0
385_1,1,0,1,2,4,385,1
385_2,1,1,1,1,4,385,2
385_3,1,1,1,1,4,385,3
385_4,1,1,1,1,4,385,4
385_5,1,0,1,2,4,385,5
385_7,1,0,1,2,4,385,7
385_8,1,1,1,1,4,385,8
385_10,1,0,1,2,4,385,10
385_13,1,0,1,2,4,385,13
385_14,1,0,1,2,4,385,14
385_15,1,0,1,2,4,385,15
385_16,1,0,1,2,4,385,16
385_18,1,0,1,2,4,385,18
385_19,1,0,1,2,4,385,19
386_6,0,1,2,1,4,386,6
386_7,1,0,1,2,4,386,7
386_14,1,0,1,2,4,386,14
386_15,1,0,1,2,4,386,15
386_16,1,1,1,1,4,386,16
387_5,1,0,1,2,4,387,5
387_9,1,0,1,2,4,387,9
387_13,1,0,1,2,4,387,13
388_0,1,2,1,0,4,388,0
388_1,1,0,1,2,4,388,1
388_2,0,1,2,1,4,388,2
388_3,1,2,1,0,4,388,3
388_5,0,1,2,1,4,388,5
388_13,2,1,0,1,4,388,13
388_15,1,1,1,1,4,388,15
388_16,1,1,1,1,4,388,16
388_19,1,1,1,1,4,388,19
389_1,1,1,1,1,4,389,1
389_2,1,1,1,1,4,389,2
389_6,1,1,1,1,4,389,6
389_9,1,1,1,1,4,389,9
389_10,1,1,1,1,4,389,10
389_11,2,1,0,1,4,389,11
389_12,2,1,0,1,4,389,12
389_13,2,1,0,1,4,389,13
389_14,2,1,0,1,4,389,14
389_15,1,1,1,1,4,389,15
390_6,1,2,1,0,4,390,6
390_9,0,1,2,1,4,390,9
390_10,0,1,2,1,4,390,10
390_12,0,1,2,1,4,390,12
390_13,1,1,1,1,4,390,13
390_18,1,2,1,0,4,390,18
390_20,1,2,1,0,4,390,20
390_25,1,1,1,1,4,390,25
391_2,1,1,1,1,4,391,2
391_3,0,1,2,1,4,391,3
391_7,1,1,1,1,4,391,7
391_18,1,1,1,1,4,391,18
391_19,0,1,2,1,4,391,19
393_10,0,1,2,1,4,393,10
393_11,0,1,2,1,4,393,11
393_12,0,1,2,1,4,393,12
393_16,0,1,2,1,4,393,16
393_18,0,1,2,1,4,393,18
393_20,0,1,2,1,4,393,20
393_21,0,1,2,1,4,393,21
394_2,1,0,1,2,4,394,2
394_3,2,1,0,1,4,394,3
394_7,1,1,1,1,4,394,7
394_9,2,1,0,1,4,394,9
394_12,1,1,1,1,4,394,12
394_13,2,1,0,1,4,394,13
394_15,1,1,1,1,4,394,15
394_17,0,1,2,1,4,394,17
394_20,0,1,2,1,4,394,20
394_22,1,2,1,0,4,394,22
398_12,1,2,1,0,4,398,12
399_6,0,1,2,1,4,399,6
399_10,0,1,2,1,4,399,10
400_2,1,0,1,2,4,400,2
400_4,1,0,1,2,4,400,4
400_11,0,1,2,1,4,400,11
400_15,1,1,1,1,4,400,15
400_20,1,0,1,2,4,400,20
400_23,0,1,2,1,4,400,23
400_26,0,1,2,1,4,400,26
401_6,0,1,2,1,4,401,6
401_8,1,1,1,1,4,401,8
401_10,1,0,1,2,4,401,10
401_13,1,2,1,0,4,401,13
401_17,0,1,2,1,4,401,17
402_0,1,0,1,2,4,402,0
403_4,1,0,1,2,4,403,4
404_4,1,1,1,1,4,404,4
404_5,1,1,1,1,4,404,5
404_7,1,0,1,2,4,404,7
404_9,1,1,1,1,4,404,9
404_13,2,1,0,1,4,404,13
405_1,0,1,2,1,4,405,1
405_7,1,0,1,2,4,405,7
405_9,1,1,1,1,4,405,9
406_0,0,1,2,1,4,406,0
406_4,1,0,1,2,4,406,4
406_6,0,1,2,1,4,406,6
406_15,1,0,1,2,4,406,15
407_0,0,1,2,1,4,407,0
407_2,0,1,2,1,4,407,2
407_4,1,2,1,0,4,407,4
407_8,1,1,1,1,4,407,8
407_9,0,1,2,1,4,407,9
407_15,0,1,2,1,4,407,15
407_17,2,1,0,1,4,407,17
407_18,2,1,0,1,4,407,18
408_1,2,1,0,1,4,408,1
408_3,1,0,1,2,4,408,3
408_11,0,1,2,1,4,408,11
410_0,1,1,1,1,4,410,0
410_1,1,1,1,1,4,410,1
410_2,0,1,2,1,4,410,2
410_4,0,1,2,1,4,410,4
410_5,0,1,2,1,4,410,5
410_6,1,2,1,0,4,410,6
410_7,0,1,2,1,4,410,7
410_8,0,1,2,1,4,410,8
410_9,1,1,1,1,4,410,9
414_1,2,1,0,1,4,414,1
414_2,1,0,1,2,4,414,2
414_3,2,1,0,1,4,414,3
414_4,0,1,2,1,4,414,4
414_5,2,1,0,1,4,414,5
414_6,1,1,1,1,4,414,6
414_7,1,1,1,1,4,414,7
417_0,0,1,2,1,4,417,0
417_1,0,1,2,1,4,417,1
417_2,2,1,0,1,4,417,2
417_3,0,1,2,1,4,417,3
417_4,1,1,1,1,4,417,4
417_5,1,1,1,1,4,417,5
417_6,2,1,0,1,4,417,6
417_8,0,1,2,1,4,417,8
417_9,0,1,2,1,4,417,9
417_19,0,1,2,1,4,417,19
